No,Income,Debt,Crisp
73,158,1472,100.000000
23,112,26202,100.000000
83,219,11550,100.000000
21,155,29496,100.000000
15,428,38739,98.343141
34,515,41771,94.250000
49,516,43660,94.200000
64,588,35480,90.600000
19,599,45566,90.050000
74,600,80864,90.000000
42,507,16331,87.463225
53,473,28740,87.258182
6,664,63226,86.800000
80,664,39692,86.800000
66,666,60245,86.022070
59,493,27813,84.592552
89,754,37883,82.300000
60,765,36031,81.750000
93,557,29517,81.329467
47,780,78054,81.000000
